{
  "Packages": [
    {
      "Package": {
        "Id": "UiPath.Cognitive.Activities",
        "Version": "2.2.4"
      },
      "Assemblies": [
        "C:\\Users\\patri\\.nuget\\packages\\newtonsoft.json/11.0.2\\lib/net45/Newtonsoft.Json.dll",
        "C:\\Users\\patri\\.nuget\\packages\\uipath.cognitive.activities/2.2.4\\lib/net452/UiPath.Cognitive.Activities.Design.dll",
        "C:\\Users\\patri\\.nuget\\packages\\uipath.cognitive.activities/2.2.4\\lib/net452/UiPath.Cognitive.Activities.dll",
        "C:\\Users\\patri\\.nuget\\packages\\uipath.cognitive.activities/2.2.4\\lib/net452/UiPath.Cognitive.dll"
      ]
    },
    {
      "Package": {
        "Id": "UiPath.Credentials.Activities",
        "Version": "1.1.6479.13204"
      },
      "Assemblies": [
        "C:\\Users\\patri\\.nuget\\packages\\credentialmanagement/1.0.2\\lib/net35/CredentialManagement.dll",
        "C:\\Users\\patri\\.nuget\\packages\\uipath.credentials.activities/1.1.6479.13204\\lib/net40-client/UiPath.Credentials.Activities.dll"
      ]
    },
    {
      "Package": {
        "Id": "UiPath.Excel.Activities",
        "Version": "2.7.2"
      },
      "Assemblies": [
        "C:\\Users\\patri\\.nuget\\packages\\closedxml/0.87.1\\lib/net40/ClosedXML.dll",
        "C:\\Users\\patri\\.nuget\\packages\\csvhelper/2.13.5\\lib/net40-client/CsvHelper.dll",
        "C:\\Users\\patri\\.nuget\\packages\\documentformat.openxml/2.5.0\\lib/DocumentFormat.OpenXml.dll",
        "C:\\Users\\patri\\.nuget\\packages\\microsoft.visualstudio.ole.interop/7.10.6071\\lib/Microsoft.VisualStudio.OLE.Interop.dll",
        "C:\\Users\\patri\\.nuget\\packages\\npoi/2.4.1\\lib/net45/NPOI.OOXML.dll",
        "C:\\Users\\patri\\.nuget\\packages\\npoi/2.4.1\\lib/net45/NPOI.OpenXml4Net.dll",
        "C:\\Users\\patri\\.nuget\\packages\\npoi/2.4.1\\lib/net45/NPOI.OpenXmlFormats.dll",
        "C:\\Users\\patri\\.nuget\\packages\\npoi/2.4.1\\lib/net45/NPOI.dll",
        "C:\\Users\\patri\\.nuget\\packages\\sharpziplib/1.0.0\\lib/net45/ICSharpCode.SharpZipLib.dll",
        "C:\\Users\\patri\\.nuget\\packages\\uipath.excel.activities/2.7.2\\lib/net461/UiPath.Excel.Activities.Design.dll",
        "C:\\Users\\patri\\.nuget\\packages\\uipath.excel.activities/2.7.2\\lib/net461/UiPath.Excel.Activities.dll",
        "C:\\Users\\patri\\.nuget\\packages\\uipath.excel.activities/2.7.2\\lib/net461/UiPath.Excel.dll"
      ]
    },
    {
      "Package": {
        "Id": "UiPath.Form.Activities",
        "Version": "1.0.1"
      },
      "Assemblies": [
        "C:\\Users\\patri\\.nuget\\packages\\castle.core/4.3.1\\lib/net45/Castle.Core.dll",
        "C:\\Users\\patri\\.nuget\\packages\\newtonsoft.json/11.0.2\\lib/net45/Newtonsoft.Json.dll",
        "C:\\Users\\patri\\.nuget\\packages\\system.runtime.compilerservices.unsafe/4.5.2\\lib/netstandard2.0/System.Runtime.CompilerServices.Unsafe.dll",
        "C:\\Users\\patri\\.nuget\\packages\\system.threading.tasks.extensions/4.5.1\\lib/netstandard2.0/System.Threading.Tasks.Extensions.dll",
        "C:\\Users\\patri\\.nuget\\packages\\system.valuetuple/4.5.0\\lib/net461/System.ValueTuple.dll",
        "C:\\Users\\patri\\.nuget\\packages\\uipath.cefsharpbundle/1.1.1\\lib/net452/CefSharp.BrowserSubprocess.Core.dll",
        "C:\\Users\\patri\\.nuget\\packages\\uipath.cefsharpbundle/1.1.1\\lib/net452/CefSharp.Core.dll",
        "C:\\Users\\patri\\.nuget\\packages\\uipath.cefsharpbundle/1.1.1\\lib/net452/CefSharp.Wpf.dll",
        "C:\\Users\\patri\\.nuget\\packages\\uipath.cefsharpbundle/1.1.1\\lib/net452/CefSharp.dll",
        "C:\\Users\\patri\\.nuget\\packages\\uipath.cefsharpbundle/1.1.1\\lib/net452/UiPath.CEFSharpBundle.dll",
        "C:\\Users\\patri\\.nuget\\packages\\uipath.cefsharpbundle/1.1.1\\lib/net452/chrome_elf.dll",
        "C:\\Users\\patri\\.nuget\\packages\\uipath.cefsharpbundle/1.1.1\\lib/net452/d3dcompiler_47.dll",
        "C:\\Users\\patri\\.nuget\\packages\\uipath.cefsharpbundle/1.1.1\\lib/net452/libEGL.dll",
        "C:\\Users\\patri\\.nuget\\packages\\uipath.cefsharpbundle/1.1.1\\lib/net452/libGLESv2.dll",
        "C:\\Users\\patri\\.nuget\\packages\\uipath.cefsharpbundle/1.1.1\\lib/net452/libcef.dll",
        "C:\\Users\\patri\\.nuget\\packages\\uipath.cefsharpbundle/1.1.1\\lib/net452/msvcp140.dll",
        "C:\\Users\\patri\\.nuget\\packages\\uipath.cefsharpbundle/1.1.1\\lib/net452/swiftshader/libEGL.dll",
        "C:\\Users\\patri\\.nuget\\packages\\uipath.cefsharpbundle/1.1.1\\lib/net452/swiftshader/libGLESv2.dll",
        "C:\\Users\\patri\\.nuget\\packages\\uipath.cefsharpbundle/1.1.1\\lib/net452/vcruntime140.dll",
        "C:\\Users\\patri\\.nuget\\packages\\uipath.form.activities/1.0.1\\lib/net461/UiPath.Callout.Activity.Design.dll",
        "C:\\Users\\patri\\.nuget\\packages\\uipath.form.activities/1.0.1\\lib/net461/UiPath.Callout.Activity.dll",
        "C:\\Users\\patri\\.nuget\\packages\\uipath.form.activities/1.0.1\\lib/net461/UiPath.Callout.dll",
        "C:\\Users\\patri\\.nuget\\packages\\uipath.form.activities/1.0.1\\lib/net461/UiPath.Form.Activities.Design.dll",
        "C:\\Users\\patri\\.nuget\\packages\\uipath.form.activities/1.0.1\\lib/net461/UiPath.Form.Activities.dll",
        "C:\\Users\\patri\\.nuget\\packages\\uipath.formactivitylibrary/1.0.2\\lib/net461/UiPath.Form.ActivityLibrary.dll",
        "C:\\Users\\patri\\.nuget\\packages\\uipath.formactivitylibrary/1.0.2\\lib/net461/UiPath.Form.Host.Local.dll",
        "C:\\Users\\patri\\.nuget\\packages\\uipath.formactivitylibrary/1.0.2\\lib/net461/UiPath.Form.dll",
        "C:\\Users\\patri\\.nuget\\packages\\uipath.formactivitylibrary/1.0.2\\lib/net461/UiPath.OutOfProcessUi.Common.dll",
        "C:\\Users\\patri\\.nuget\\packages\\uipath.formactivitylibrary.contracts/1.0.1\\lib/net461/UiPath.Form.ActivityLibrary.Contracts.dll"
      ]
    },
    {
      "Package": {
        "Id": "UiPath.IntelligentOCR.Activities",
        "Version": "4.0.1"
      },
      "Assemblies": [
        "C:\\Users\\patri\\.nuget\\packages\\aforge/2.2.5\\lib/AForge.dll",
        "C:\\Users\\patri\\.nuget\\packages\\aforge.genetic/2.2.5\\lib/AForge.Genetic.dll",
        "C:\\Users\\patri\\.nuget\\packages\\aforge.imaging/2.2.5\\lib/AForge.Imaging.dll",
        "C:\\Users\\patri\\.nuget\\packages\\aforge.math/2.2.5\\lib/AForge.Math.dll",
        "C:\\Users\\patri\\.nuget\\packages\\aforge.neuro/2.2.5\\lib/AForge.Neuro.dll",
        "C:\\Users\\patri\\.nuget\\packages\\bitmiracle.docotic.pdf/5.10.9957\\lib/net40/BitMiracle.Docotic.Pdf.dll",
        "C:\\Users\\patri\\.nuget\\packages\\csvhelper/2.13.5\\lib/net40-client/CsvHelper.dll",
        "C:\\Users\\patri\\.nuget\\packages\\fsharp.core/4.0.0.1\\lib/net40/FSharp.Core.dll",
        "C:\\Users\\patri\\.nuget\\packages\\ivanakcheurov.ntextcat.lib/0.2.1.1\\lib/net40/IvanAkcheurov.Commons.dll",
        "C:\\Users\\patri\\.nuget\\packages\\ivanakcheurov.ntextcat.lib/0.2.1.1\\lib/net40/IvanAkcheurov.NClassify.dll",
        "C:\\Users\\patri\\.nuget\\packages\\ivanakcheurov.ntextcat.lib/0.2.1.1\\lib/net40/IvanAkcheurov.NTextCat.Lib.dll",
        "C:\\Users\\patri\\.nuget\\packages\\mathnet.numerics/4.5.1\\lib/net461/MathNet.Numerics.dll",
        "C:\\Users\\patri\\.nuget\\packages\\metrics.net/0.5.5\\lib/net45/Metrics.dll",
        "C:\\Users\\patri\\.nuget\\packages\\microsoft.xaml.behaviors.wpf/1.0.1\\lib/net45/Microsoft.Xaml.Behaviors.dll",
        "C:\\Users\\patri\\.nuget\\packages\\newtonsoft.json/11.0.2\\lib/net45/Newtonsoft.Json.dll",
        "C:\\Users\\patri\\.nuget\\packages\\numsense/0.12.0\\lib/net45/Ploeh.Numsense.dll",
        "C:\\Users\\patri\\.nuget\\packages\\system.collections.immutable/1.5.0\\lib/netstandard2.0/System.Collections.Immutable.dll",
        "C:\\Users\\patri\\.nuget\\packages\\system.runtime.interopservices.runtimeinformation/4.3.0\\lib/net45/System.Runtime.InteropServices.RuntimeInformation.dll",
        "C:\\Users\\patri\\.nuget\\packages\\system.valuetuple/4.5.0\\lib/net461/System.ValueTuple.dll",
        "C:\\Users\\patri\\.nuget\\packages\\uipath.cefsharpbundle/1.1.1\\lib/net452/CefSharp.BrowserSubprocess.Core.dll",
        "C:\\Users\\patri\\.nuget\\packages\\uipath.cefsharpbundle/1.1.1\\lib/net452/CefSharp.Core.dll",
        "C:\\Users\\patri\\.nuget\\packages\\uipath.cefsharpbundle/1.1.1\\lib/net452/CefSharp.Wpf.dll",
        "C:\\Users\\patri\\.nuget\\packages\\uipath.cefsharpbundle/1.1.1\\lib/net452/CefSharp.dll",
        "C:\\Users\\patri\\.nuget\\packages\\uipath.cefsharpbundle/1.1.1\\lib/net452/UiPath.CEFSharpBundle.dll",
        "C:\\Users\\patri\\.nuget\\packages\\uipath.cefsharpbundle/1.1.1\\lib/net452/chrome_elf.dll",
        "C:\\Users\\patri\\.nuget\\packages\\uipath.cefsharpbundle/1.1.1\\lib/net452/d3dcompiler_47.dll",
        "C:\\Users\\patri\\.nuget\\packages\\uipath.cefsharpbundle/1.1.1\\lib/net452/libEGL.dll",
        "C:\\Users\\patri\\.nuget\\packages\\uipath.cefsharpbundle/1.1.1\\lib/net452/libGLESv2.dll",
        "C:\\Users\\patri\\.nuget\\packages\\uipath.cefsharpbundle/1.1.1\\lib/net452/libcef.dll",
        "C:\\Users\\patri\\.nuget\\packages\\uipath.cefsharpbundle/1.1.1\\lib/net452/msvcp140.dll",
        "C:\\Users\\patri\\.nuget\\packages\\uipath.cefsharpbundle/1.1.1\\lib/net452/swiftshader/libEGL.dll",
        "C:\\Users\\patri\\.nuget\\packages\\uipath.cefsharpbundle/1.1.1\\lib/net452/swiftshader/libGLESv2.dll",
        "C:\\Users\\patri\\.nuget\\packages\\uipath.cefsharpbundle/1.1.1\\lib/net452/vcruntime140.dll",
        "C:\\Users\\patri\\.nuget\\packages\\uipath.documentprocessing.contracts/1.4.1\\lib/net461/UiPath.DocumentProcessing.Contracts.dll",
        "C:\\Users\\patri\\.nuget\\packages\\uipath.intelligentocr.activities/4.0.1\\lib/net461/UiPath.IntelligentOCR.Activities.Design.dll",
        "C:\\Users\\patri\\.nuget\\packages\\uipath.intelligentocr.activities/4.0.1\\lib/net461/UiPath.IntelligentOCR.Activities.dll",
        "C:\\Users\\patri\\.nuget\\packages\\uipath.intelligentocr.activities/4.0.1\\lib/net461/UiPath.IntelligentOCR.dll",
        "C:\\Users\\patri\\.nuget\\packages\\uipath.intelligentocr.activities/4.0.1\\lib/net461/UiPath.SmartData.Data.dll",
        "C:\\Users\\patri\\.nuget\\packages\\uipath.intelligentocr.activities/4.0.1\\lib/net461/UiPath.SmartData.Digitization.dll",
        "C:\\Users\\patri\\.nuget\\packages\\uipath.intelligentocr.activities/4.0.1\\lib/net461/UiPath.SmartData.DocumentClassification.dll",
        "C:\\Users\\patri\\.nuget\\packages\\uipath.intelligentocr.activities/4.0.1\\lib/net461/UiPath.SmartData.FixedForms.dll",
        "C:\\Users\\patri\\.nuget\\packages\\uipath.intelligentocr.activities/4.0.1\\lib/net461/UiPath.SmartData.Host.Local.Infrastructure.dll",
        "C:\\Users\\patri\\.nuget\\packages\\uipath.intelligentocr.activities/4.0.1\\lib/net461/UiPath.SmartData.ImageProcessing.dll",
        "C:\\Users\\patri\\.nuget\\packages\\uipath.intelligentocr.activities/4.0.1\\lib/net461/UiPath.SmartData.Language.dll",
        "C:\\Users\\patri\\.nuget\\packages\\uipath.intelligentocr.activities/4.0.1\\lib/net461/UiPath.SmartData.Localization.dll",
        "C:\\Users\\patri\\.nuget\\packages\\uipath.intelligentocr.activities/4.0.1\\lib/net461/UiPath.SmartData.OCR.dll",
        "C:\\Users\\patri\\.nuget\\packages\\uipath.intelligentocr.activities/4.0.1\\lib/net461/UiPath.SmartData.OutOfProcessUi.Common.dll",
        "C:\\Users\\patri\\.nuget\\packages\\uipath.intelligentocr.activities/4.0.1\\lib/net461/UiPath.SmartData.PDF.dll",
        "C:\\Users\\patri\\.nuget\\packages\\uipath.intelligentocr.activities/4.0.1\\lib/net461/UiPath.SmartData.TableProcessing.dll",
        "C:\\Users\\patri\\.nuget\\packages\\uipath.intelligentocr.activities/4.0.1\\lib/net461/UiPath.SmartData.TaxonomyManager.Host.Local.dll",
        "C:\\Users\\patri\\.nuget\\packages\\uipath.intelligentocr.activities/4.0.1\\lib/net461/UiPath.SmartData.TaxonomyManager.dll",
        "C:\\Users\\patri\\.nuget\\packages\\uipath.intelligentocr.activities/4.0.1\\lib/net461/UiPath.SmartData.Utils.dll",
        "C:\\Users\\patri\\.nuget\\packages\\uipath.intelligentocr.activities/4.0.1\\lib/net461/UiPath.SmartData.ValidationStation.Host.Local.dll",
        "C:\\Users\\patri\\.nuget\\packages\\uipath.intelligentocr.activities/4.0.1\\lib/net461/UiPath.SmartData.ValidationStation.ValueParsing.dll",
        "C:\\Users\\patri\\.nuget\\packages\\uipath.intelligentocr.activities/4.0.1\\lib/net461/UiPath.SmartData.ValidationStation.dll",
        "C:\\Users\\patri\\.nuget\\packages\\uipath.ocr.contracts/2.2.1\\lib/net45/UiPath.OCR.Contracts.dll"
      ]
    },
    {
      "Package": {
        "Id": "UiPath.Mail.Activities",
        "Version": "1.7.2"
      },
      "Assemblies": [
        "C:\\Users\\patri\\.nuget\\packages\\bouncycastle/1.8.5\\lib/BouncyCastle.Crypto.dll",
        "C:\\Users\\patri\\.nuget\\packages\\interop.domino.dll/1.0.0\\lib/Interop.Domino.dll",
        "C:\\Users\\patri\\.nuget\\packages\\microsoft.exchange.webservices/2.2.0\\lib/40/Microsoft.Exchange.WebServices.Auth.dll",
        "C:\\Users\\patri\\.nuget\\packages\\microsoft.exchange.webservices/2.2.0\\lib/40/Microsoft.Exchange.WebServices.dll",
        "C:\\Users\\patri\\.nuget\\packages\\system.valuetuple/4.5.0\\lib/net461/System.ValueTuple.dll",
        "C:\\Users\\patri\\.nuget\\packages\\uipath.mail.activities/1.7.2\\lib/net461/MailKit.dll",
        "C:\\Users\\patri\\.nuget\\packages\\uipath.mail.activities/1.7.2\\lib/net461/MimeKit.dll",
        "C:\\Users\\patri\\.nuget\\packages\\uipath.mail.activities/1.7.2\\lib/net461/UiPath.Mail.Activities.Design.dll",
        "C:\\Users\\patri\\.nuget\\packages\\uipath.mail.activities/1.7.2\\lib/net461/UiPath.Mail.Activities.dll",
        "C:\\Users\\patri\\.nuget\\packages\\uipath.mail.activities/1.7.2\\lib/net461/UiPath.Mail.dll"
      ]
    },
    {
      "Package": {
        "Id": "UiPath.OmniPage.Activities",
        "Version": "1.2.0"
      },
      "Assemblies": [
        "C:\\Users\\patri\\.nuget\\packages\\newtonsoft.json/11.0.2\\lib/net45/Newtonsoft.Json.dll",
        "C:\\Users\\patri\\.nuget\\packages\\uipath.ocr.contracts/2.2.1\\lib/net45/UiPath.OCR.Contracts.dll",
        "C:\\Users\\patri\\.nuget\\packages\\uipath.omnipage.activities/1.2.0\\lib/net452/UiPath.OmniPage.Activities.Design.dll",
        "C:\\Users\\patri\\.nuget\\packages\\uipath.omnipage.activities/1.2.0\\lib/net452/UiPath.OmniPage.Activities.dll",
        "C:\\Users\\patri\\.nuget\\packages\\uipath.omnipage.activities/1.2.0\\lib/net452/UiPath.Vision.OmniPage.Core.dll",
        "C:\\Users\\patri\\.nuget\\packages\\uipath.omnipage.activities/1.2.0\\lib/net452/UiPath.Vision.OmniPage.dll",
        "C:\\Users\\patri\\.nuget\\packages\\uipath.omnipage.bundle/1.0.2\\lib/net452/AppHelper.dll",
        "C:\\Users\\patri\\.nuget\\packages\\uipath.omnipage.bundle/1.0.2\\lib/net452/AppProductConfig.dll",
        "C:\\Users\\patri\\.nuget\\packages\\uipath.omnipage.bundle/1.0.2\\lib/net452/AppUtils.dll",
        "C:\\Users\\patri\\.nuget\\packages\\uipath.omnipage.bundle/1.0.2\\lib/net452/Bnt.dll",
        "C:\\Users\\patri\\.nuget\\packages\\uipath.omnipage.bundle/1.0.2\\lib/net452/CRX.dll",
        "C:\\Users\\patri\\.nuget\\packages\\uipath.omnipage.bundle/1.0.2\\lib/net452/Defaults.dll",
        "C:\\Users\\patri\\.nuget\\packages\\uipath.omnipage.bundle/1.0.2\\lib/net452/FireWrx2.dll",
        "C:\\Users\\patri\\.nuget\\packages\\uipath.omnipage.bundle/1.0.2\\lib/net452/FireWrx3.dll",
        "C:\\Users\\patri\\.nuget\\packages\\uipath.omnipage.bundle/1.0.2\\lib/net452/FireWrx4.dll",
        "C:\\Users\\patri\\.nuget\\packages\\uipath.omnipage.bundle/1.0.2\\lib/net452/FireWrx5.dll",
        "C:\\Users\\patri\\.nuget\\packages\\uipath.omnipage.bundle/1.0.2\\lib/net452/FireWrx6.dll",
        "C:\\Users\\patri\\.nuget\\packages\\uipath.omnipage.bundle/1.0.2\\lib/net452/Firewrx.dll",
        "C:\\Users\\patri\\.nuget\\packages\\uipath.omnipage.bundle/1.0.2\\lib/net452/Formatter.dll",
        "C:\\Users\\patri\\.nuget\\packages\\uipath.omnipage.bundle/1.0.2\\lib/net452/ICDLLW32.dll",
        "C:\\Users\\patri\\.nuget\\packages\\uipath.omnipage.bundle/1.0.2\\lib/net452/ICHUNW32.dll",
        "C:\\Users\\patri\\.nuget\\packages\\uipath.omnipage.bundle/1.0.2\\lib/net452/IF_PNG.dll",
        "C:\\Users\\patri\\.nuget\\packages\\uipath.omnipage.bundle/1.0.2\\lib/net452/KernelAPI.dll",
        "C:\\Users\\patri\\.nuget\\packages\\uipath.omnipage.bundle/1.0.2\\lib/net452/LEditor.dll",
        "C:\\Users\\patri\\.nuget\\packages\\uipath.omnipage.bundle/1.0.2\\lib/net452/LecsoMgr.dll",
        "C:\\Users\\patri\\.nuget\\packages\\uipath.omnipage.bundle/1.0.2\\lib/net452/MiddleEarth.dll",
        "C:\\Users\\patri\\.nuget\\packages\\uipath.omnipage.bundle/1.0.2\\lib/net452/Mor.dll",
        "C:\\Users\\patri\\.nuget\\packages\\uipath.omnipage.bundle/1.0.2\\lib/net452/Mor2.dll",
        "C:\\Users\\patri\\.nuget\\packages\\uipath.omnipage.bundle/1.0.2\\lib/net452/Mor3.dll",
        "C:\\Users\\patri\\.nuget\\packages\\uipath.omnipage.bundle/1.0.2\\lib/net452/Mor4.dll",
        "C:\\Users\\patri\\.nuget\\packages\\uipath.omnipage.bundle/1.0.2\\lib/net452/Mor5.dll",
        "C:\\Users\\patri\\.nuget\\packages\\uipath.omnipage.bundle/1.0.2\\lib/net452/Mor6.dll",
        "C:\\Users\\patri\\.nuget\\packages\\uipath.omnipage.bundle/1.0.2\\lib/net452/MorIF.dll",
        "C:\\Users\\patri\\.nuget\\packages\\uipath.omnipage.bundle/1.0.2\\lib/net452/Nuance.OmniPage.CSDK.ArgTypes.dll",
        "C:\\Users\\patri\\.nuget\\packages\\uipath.omnipage.bundle/1.0.2\\lib/net452/Nuance.OmniPage.CSDK.CAPI.dll",
        "C:\\Users\\patri\\.nuget\\packages\\uipath.omnipage.bundle/1.0.2\\lib/net452/Nuance.OmniPage.CSDK.Objects.dll",
        "C:\\Users\\patri\\.nuget\\packages\\uipath.omnipage.bundle/1.0.2\\lib/net452/PreRendering.dll",
        "C:\\Users\\patri\\.nuget\\packages\\uipath.omnipage.bundle/1.0.2\\lib/net452/RecAPIPlus.dll",
        "C:\\Users\\patri\\.nuget\\packages\\uipath.omnipage.bundle/1.0.2\\lib/net452/RecDiag.dll",
        "C:\\Users\\patri\\.nuget\\packages\\uipath.omnipage.bundle/1.0.2\\lib/net452/RecPDFNet.dll",
        "C:\\Users\\patri\\.nuget\\packages\\uipath.omnipage.bundle/1.0.2\\lib/net452/Rendering.dll",
        "C:\\Users\\patri\\.nuget\\packages\\uipath.omnipage.bundle/1.0.2\\lib/net452/Rendering2.dll",
        "C:\\Users\\patri\\.nuget\\packages\\uipath.omnipage.bundle/1.0.2\\lib/net452/SPDFLib.dll",
        "C:\\Users\\patri\\.nuget\\packages\\uipath.omnipage.bundle/1.0.2\\lib/net452/SkinnedClasses.dll",
        "C:\\Users\\patri\\.nuget\\packages\\uipath.omnipage.bundle/1.0.2\\lib/net452/SkinnedWindows.dll",
        "C:\\Users\\patri\\.nuget\\packages\\uipath.omnipage.bundle/1.0.2\\lib/net452/UiPath.OmniPage.Bundle.dll",
        "C:\\Users\\patri\\.nuget\\packages\\uipath.omnipage.bundle/1.0.2\\lib/net452/atm2lll.dll",
        "C:\\Users\\patri\\.nuget\\packages\\uipath.omnipage.bundle/1.0.2\\lib/net452/jp2k_kdu_apps_vnew.dll",
        "C:\\Users\\patri\\.nuget\\packages\\uipath.omnipage.bundle/1.0.2\\lib/net452/kdu_vnewR.dll",
        "C:\\Users\\patri\\.nuget\\packages\\uipath.omnipage.bundle/1.0.2\\lib/net452/msvcp140.dll",
        "C:\\Users\\patri\\.nuget\\packages\\uipath.omnipage.bundle/1.0.2\\lib/net452/pccext.dll",
        "C:\\Users\\patri\\.nuget\\packages\\uipath.omnipage.bundle/1.0.2\\lib/net452/pccext2.dll",
        "C:\\Users\\patri\\.nuget\\packages\\uipath.omnipage.bundle/1.0.2\\lib/net452/pccext3.dll",
        "C:\\Users\\patri\\.nuget\\packages\\uipath.omnipage.bundle/1.0.2\\lib/net452/pccext4.dll",
        "C:\\Users\\patri\\.nuget\\packages\\uipath.omnipage.bundle/1.0.2\\lib/net452/pccext5.dll",
        "C:\\Users\\patri\\.nuget\\packages\\uipath.omnipage.bundle/1.0.2\\lib/net452/pccext6.dll",
        "C:\\Users\\patri\\.nuget\\packages\\uipath.omnipage.bundle/1.0.2\\lib/net452/rndsdawg.dll",
        "C:\\Users\\patri\\.nuget\\packages\\uipath.omnipage.bundle/1.0.2\\lib/net452/rndsinso.dll",
        "C:\\Users\\patri\\.nuget\\packages\\uipath.omnipage.bundle/1.0.2\\lib/net452/vcruntime140.dll",
        "C:\\Users\\patri\\.nuget\\packages\\uipath.omnipage.bundle/1.0.2\\lib/net452/xocr.dll",
        "C:\\Users\\patri\\.nuget\\packages\\uipath.omnipage.bundle/1.0.2\\lib/net452/xocr2.dll",
        "C:\\Users\\patri\\.nuget\\packages\\uipath.omnipage.bundle/1.0.2\\lib/net452/xocr3.dll",
        "C:\\Users\\patri\\.nuget\\packages\\uipath.omnipage.bundle/1.0.2\\lib/net452/xocr4.dll",
        "C:\\Users\\patri\\.nuget\\packages\\uipath.omnipage.bundle/1.0.2\\lib/net452/xocr5.dll",
        "C:\\Users\\patri\\.nuget\\packages\\uipath.omnipage.bundle/1.0.2\\lib/net452/xocr6.dll"
      ]
    },
    {
      "Package": {
        "Id": "UiPath.PDF.Activities",
        "Version": "3.1.0"
      },
      "Assemblies": [
        "C:\\Users\\patri\\.nuget\\packages\\bitmiracle.docotic.pdf/5.10.9957\\lib/net40/BitMiracle.Docotic.Pdf.dll",
        "C:\\Users\\patri\\.nuget\\packages\\system.valuetuple/4.5.0\\lib/net461/System.ValueTuple.dll",
        "C:\\Users\\patri\\.nuget\\packages\\uipath.ocr.contracts/2.2.1\\lib/net45/UiPath.OCR.Contracts.dll",
        "C:\\Users\\patri\\.nuget\\packages\\uipath.pdf.activities/3.1.0\\lib/net461/UiPath.PDF.Activities.Design.dll",
        "C:\\Users\\patri\\.nuget\\packages\\uipath.pdf.activities/3.1.0\\lib/net461/UiPath.PDF.Activities.dll",
        "C:\\Users\\patri\\.nuget\\packages\\uipath.pdf.activities/3.1.0\\lib/net461/UiPath.PDF.dll"
      ]
    },
    {
      "Package": {
        "Id": "UiPath.Persistence.Activities",
        "Version": "1.0.1"
      },
      "Assemblies": [
        "C:\\Users\\patri\\.nuget\\packages\\microsoft.rest.clientruntime/2.3.20\\lib/net461/Microsoft.Rest.ClientRuntime.dll",
        "C:\\Users\\patri\\.nuget\\packages\\newtonsoft.json/11.0.2\\lib/net45/Newtonsoft.Json.dll",
        "C:\\Users\\patri\\.nuget\\packages\\uipath.formactivitylibrary.contracts/1.0.1\\lib/net461/UiPath.Form.ActivityLibrary.Contracts.dll",
        "C:\\Users\\patri\\.nuget\\packages\\uipath.persistence.activities/1.0.1\\lib/net461/UiPath.Orchestrator.Service.dll",
        "C:\\Users\\patri\\.nuget\\packages\\uipath.persistence.activities/1.0.1\\lib/net461/UiPath.Persistence.Activities.Design.dll",
        "C:\\Users\\patri\\.nuget\\packages\\uipath.persistence.activities/1.0.1\\lib/net461/UiPath.Persistence.Activities.dll",
        "C:\\Users\\patri\\.nuget\\packages\\uipath.persistence.activities/1.0.1\\lib/net461/UiPath.Persistence.Orchestrator.Client.dll"
      ]
    },
    {
      "Package": {
        "Id": "UiPath.System.Activities",
        "Version": "18.3.6897.22524"
      },
      "Assemblies": [
        "C:\\Users\\patri\\.nuget\\packages\\csvhelper/2.13.5\\lib/net40-client/CsvHelper.dll",
        "C:\\Users\\patri\\.nuget\\packages\\microsoft.rest.clientruntime/2.3.20\\lib/net461/Microsoft.Rest.ClientRuntime.dll",
        "C:\\Users\\patri\\.nuget\\packages\\newtonsoft.json/11.0.2\\lib/net45/Newtonsoft.Json.dll",
        "C:\\Users\\patri\\.nuget\\packages\\uipath.system.activities/18.3.6897.22524\\lib/net461/ActiproSoftware.Docking.Wpf.dll",
        "C:\\Users\\patri\\.nuget\\packages\\uipath.system.activities/18.3.6897.22524\\lib/net461/ActiproSoftware.Ribbon.Wpf.dll",
        "C:\\Users\\patri\\.nuget\\packages\\uipath.system.activities/18.3.6897.22524\\lib/net461/ActiproSoftware.Shared.Wpf.dll",
        "C:\\Users\\patri\\.nuget\\packages\\uipath.system.activities/18.3.6897.22524\\lib/net461/ActiproSoftware.SyntaxEditor.Addons.DotNet.Wpf.dll",
        "C:\\Users\\patri\\.nuget\\packages\\uipath.system.activities/18.3.6897.22524\\lib/net461/ActiproSoftware.SyntaxEditor.Wpf.dll",
        "C:\\Users\\patri\\.nuget\\packages\\uipath.system.activities/18.3.6897.22524\\lib/net461/ActiproSoftware.Text.Addons.DotNet.Wpf.dll",
        "C:\\Users\\patri\\.nuget\\packages\\uipath.system.activities/18.3.6897.22524\\lib/net461/ActiproSoftware.Text.LLParser.Wpf.dll",
        "C:\\Users\\patri\\.nuget\\packages\\uipath.system.activities/18.3.6897.22524\\lib/net461/ActiproSoftware.Text.Wpf.dll",
        "C:\\Users\\patri\\.nuget\\packages\\uipath.system.activities/18.3.6897.22524\\lib/net461/ActiproSoftware.Wizard.Wpf.dll",
        "C:\\Users\\patri\\.nuget\\packages\\uipath.system.activities/18.3.6897.22524\\lib/net461/UiPath.OrchestratorClient.dll",
        "C:\\Users\\patri\\.nuget\\packages\\uipath.system.activities/18.3.6897.22524\\lib/net461/UiPath.System.Activities.Design.dll",
        "C:\\Users\\patri\\.nuget\\packages\\uipath.system.activities/18.3.6897.22524\\lib/net461/UiPath.System.Activities.dll"
      ]
    },
    {
      "Package": {
        "Id": "UiPath.Terminal.Activities",
        "Version": "1.3.4"
      },
      "Assemblies": [
        "C:\\Users\\patri\\.nuget\\packages\\fluent.ribbon/3.5.1.198\\lib/net45/Fluent.dll",
        "C:\\Users\\patri\\.nuget\\packages\\fluent.ribbon/3.5.1.198\\lib/net45/System.Windows.Interactivity.dll",
        "C:\\Users\\patri\\.nuget\\packages\\uipath.terminal.activities/1.3.4\\lib/net452/NLog.dll",
        "C:\\Users\\patri\\.nuget\\packages\\uipath.terminal.activities/1.3.4\\lib/net452/Open3270.dll",
        "C:\\Users\\patri\\.nuget\\packages\\uipath.terminal.activities/1.3.4\\lib/net452/UiPath.Terminal.Activities.Design.dll",
        "C:\\Users\\patri\\.nuget\\packages\\uipath.terminal.activities/1.3.4\\lib/net452/UiPath.Terminal.Activities.dll",
        "C:\\Users\\patri\\.nuget\\packages\\uipath.terminal.activities/1.3.4\\lib/net452/UiPath.Terminal.Attachmate.dll",
        "C:\\Users\\patri\\.nuget\\packages\\uipath.terminal.activities/1.3.4\\lib/net452/UiPath.Terminal.AttachmateExtra.dll",
        "C:\\Users\\patri\\.nuget\\packages\\uipath.terminal.activities/1.3.4\\lib/net452/UiPath.Terminal.BlueZone.dll",
        "C:\\Users\\patri\\.nuget\\packages\\uipath.terminal.activities/1.3.4\\lib/net452/UiPath.Terminal.IBM.dll",
        "C:\\Users\\patri\\.nuget\\packages\\uipath.terminal.activities/1.3.4\\lib/net452/UiPath.Terminal.dll"
      ]
    },
    {
      "Package": {
        "Id": "UiPath.UIAutomation.Activities",
        "Version": "18.3.6897.22543"
      },
      "Assemblies": [
        "C:\\Users\\patri\\.nuget\\packages\\avalonedit/5.0.3\\lib/Net40/ICSharpCode.AvalonEdit.dll",
        "C:\\Users\\patri\\.nuget\\packages\\caliburn.micro/3.0.1\\lib/net45/Caliburn.Micro.Platform.Core.dll",
        "C:\\Users\\patri\\.nuget\\packages\\caliburn.micro/3.0.1\\lib/net45/Caliburn.Micro.Platform.dll",
        "C:\\Users\\patri\\.nuget\\packages\\caliburn.micro/3.0.1\\lib/net45/System.Windows.Interactivity.dll",
        "C:\\Users\\patri\\.nuget\\packages\\caliburn.micro.core/3.0.1\\lib/net45/Caliburn.Micro.dll",
        "C:\\Users\\patri\\.nuget\\packages\\extended.wpf.toolkit/2.8.0\\lib/net40/Xceed.Wpf.AvalonDock.Themes.Aero.dll",
        "C:\\Users\\patri\\.nuget\\packages\\extended.wpf.toolkit/2.8.0\\lib/net40/Xceed.Wpf.AvalonDock.Themes.Metro.dll",
        "C:\\Users\\patri\\.nuget\\packages\\extended.wpf.toolkit/2.8.0\\lib/net40/Xceed.Wpf.AvalonDock.Themes.VS2010.dll",
        "C:\\Users\\patri\\.nuget\\packages\\extended.wpf.toolkit/2.8.0\\lib/net40/Xceed.Wpf.AvalonDock.dll",
        "C:\\Users\\patri\\.nuget\\packages\\extended.wpf.toolkit/2.8.0\\lib/net40/Xceed.Wpf.DataGrid.dll",
        "C:\\Users\\patri\\.nuget\\packages\\extended.wpf.toolkit/2.8.0\\lib/net40/Xceed.Wpf.Toolkit.dll",
        "C:\\Users\\patri\\.nuget\\packages\\humanizer.core/2.4.2\\lib/netstandard2.0/Humanizer.dll",
        "C:\\Users\\patri\\.nuget\\packages\\uipath/9.0.6893.27943\\lib/UiPath.Interop.dll",
        "C:\\Users\\patri\\.nuget\\packages\\uipath.uiautomation.activities/18.3.6897.22543\\lib/net461/ActiproSoftware.Docking.Wpf.dll",
        "C:\\Users\\patri\\.nuget\\packages\\uipath.uiautomation.activities/18.3.6897.22543\\lib/net461/ActiproSoftware.Editors.Wpf.dll",
        "C:\\Users\\patri\\.nuget\\packages\\uipath.uiautomation.activities/18.3.6897.22543\\lib/net461/ActiproSoftware.Ribbon.Wpf.dll",
        "C:\\Users\\patri\\.nuget\\packages\\uipath.uiautomation.activities/18.3.6897.22543\\lib/net461/ActiproSoftware.Shared.Wpf.dll",
        "C:\\Users\\patri\\.nuget\\packages\\uipath.uiautomation.activities/18.3.6897.22543\\lib/net461/ActiproSoftware.SyntaxEditor.Addons.DotNet.Wpf.dll",
        "C:\\Users\\patri\\.nuget\\packages\\uipath.uiautomation.activities/18.3.6897.22543\\lib/net461/ActiproSoftware.SyntaxEditor.Wpf.dll",
        "C:\\Users\\patri\\.nuget\\packages\\uipath.uiautomation.activities/18.3.6897.22543\\lib/net461/ActiproSoftware.Text.Addons.DotNet.Wpf.dll",
        "C:\\Users\\patri\\.nuget\\packages\\uipath.uiautomation.activities/18.3.6897.22543\\lib/net461/ActiproSoftware.Text.LLParser.Wpf.dll",
        "C:\\Users\\patri\\.nuget\\packages\\uipath.uiautomation.activities/18.3.6897.22543\\lib/net461/ActiproSoftware.Text.Wpf.dll",
        "C:\\Users\\patri\\.nuget\\packages\\uipath.uiautomation.activities/18.3.6897.22543\\lib/net461/ActiproSoftware.Wizard.Wpf.dll",
        "C:\\Users\\patri\\.nuget\\packages\\uipath.uiautomation.activities/18.3.6897.22543\\lib/net461/UiPath.UIAutomation.Activities.Design.dll",
        "C:\\Users\\patri\\.nuget\\packages\\uipath.uiautomation.activities/18.3.6897.22543\\lib/net461/UiPath.UiAutomation.Activities.dll",
        "C:\\Users\\patri\\.nuget\\packages\\uipath.uiautomation.activities/18.3.6897.22543\\lib/net461/UiPath.Wizards.dll",
        "C:\\Users\\patri\\.nuget\\packages\\uipath.vision/1.1.0\\lib/net452/UiPath.Vision.Core.dll",
        "C:\\Users\\patri\\.nuget\\packages\\uipath.vision/1.1.0\\lib/net452/UiPath.Vision.Package.dll",
        "C:\\Users\\patri\\.nuget\\packages\\uipath.vision/1.1.0\\lib/net452/UiPath.Vision.dll"
      ]
    },
    {
      "Package": {
        "Id": "UiPath.WebAPI.Activities",
        "Version": "1.4.4"
      },
      "Assemblies": [
        "C:\\Users\\patri\\.nuget\\packages\\avalonedit/5.0.3\\lib/Net40/ICSharpCode.AvalonEdit.dll",
        "C:\\Users\\patri\\.nuget\\packages\\newtonsoft.json/11.0.2\\lib/net45/Newtonsoft.Json.dll",
        "C:\\Users\\patri\\.nuget\\packages\\restsharp/106.3.1\\lib/net452/RestSharp.dll",
        "C:\\Users\\patri\\.nuget\\packages\\uipath.webapi.activities/1.4.4\\lib/net452/UiPath.Web.Activities.Design.dll",
        "C:\\Users\\patri\\.nuget\\packages\\uipath.webapi.activities/1.4.4\\lib/net452/UiPath.Web.Activities.dll",
        "C:\\Users\\patri\\.nuget\\packages\\uipath.webapi.activities/1.4.4\\lib/net452/UiPath.Web.dll"
      ]
    },
    {
      "Package": {
        "Id": "UiPath.Word.Activities",
        "Version": "1.3.4"
      },
      "Assemblies": [
        "C:\\Users\\patri\\.nuget\\packages\\docx/1.0.0.18\\lib/net40/DocX.dll",
        "C:\\Users\\patri\\.nuget\\packages\\uipath.word.activities/1.3.4\\lib/net452/UiPath.Word.Activities.Design.dll",
        "C:\\Users\\patri\\.nuget\\packages\\uipath.word.activities/1.3.4\\lib/net452/UiPath.Word.Activities.dll",
        "C:\\Users\\patri\\.nuget\\packages\\uipath.word.activities/1.3.4\\lib/net452/UiPath.Word.dll"
      ]
    }
  ],
  "Conflicts": [],
  "ResolvedDependencies": {
    "AForge": {
      "Id": "AForge",
      "Version": "2.2.5",
      "Dependencies": []
    },
    "AForge.Genetic": {
      "Id": "AForge.Genetic",
      "Version": "2.2.5",
      "Dependencies": [
        {
          "Item1": "AForge",
          "Item2": "[2.2.5, )"
        },
        {
          "Item1": "AForge.Math",
          "Item2": "[2.2.5, )"
        }
      ]
    },
    "AForge.Imaging": {
      "Id": "AForge.Imaging",
      "Version": "2.2.5",
      "Dependencies": [
        {
          "Item1": "AForge",
          "Item2": "[2.2.5, )"
        },
        {
          "Item1": "AForge.Math",
          "Item2": "[2.2.5, )"
        }
      ]
    },
    "AForge.Math": {
      "Id": "AForge.Math",
      "Version": "2.2.5",
      "Dependencies": [
        {
          "Item1": "AForge",
          "Item2": "[2.2.5, )"
        }
      ]
    },
    "AForge.Neuro": {
      "Id": "AForge.Neuro",
      "Version": "2.2.5",
      "Dependencies": [
        {
          "Item1": "AForge",
          "Item2": "[2.2.5, )"
        },
        {
          "Item1": "AForge.Math",
          "Item2": "[2.2.5, )"
        },
        {
          "Item1": "AForge.Genetic",
          "Item2": "[2.2.5, )"
        }
      ]
    },
    "AvalonEdit": {
      "Id": "AvalonEdit",
      "Version": "5.0.3",
      "Dependencies": []
    },
    "BitMiracle.Docotic.Pdf": {
      "Id": "BitMiracle.Docotic.Pdf",
      "Version": "5.10.9957",
      "Dependencies": []
    },
    "BouncyCastle": {
      "Id": "BouncyCastle",
      "Version": "1.8.5",
      "Dependencies": []
    },
    "Caliburn.Micro": {
      "Id": "Caliburn.Micro",
      "Version": "3.0.1",
      "Dependencies": [
        {
          "Item1": "Caliburn.Micro.Core",
          "Item2": "[3.0.1, 3.0.1]"
        }
      ]
    },
    "Caliburn.Micro.Core": {
      "Id": "Caliburn.Micro.Core",
      "Version": "3.0.1",
      "Dependencies": []
    },
    "Castle.Core": {
      "Id": "Castle.Core",
      "Version": "4.3.1",
      "Dependencies": []
    },
    "ClosedXML": {
      "Id": "ClosedXML",
      "Version": "0.87.1",
      "Dependencies": [
        {
          "Item1": "DocumentFormat.OpenXml",
          "Item2": "[2.5.0, )"
        }
      ]
    },
    "CredentialManagement": {
      "Id": "CredentialManagement",
      "Version": "1.0.2",
      "Dependencies": []
    },
    "CsvHelper": {
      "Id": "CsvHelper",
      "Version": "2.13.5",
      "Dependencies": []
    },
    "DocumentFormat.OpenXml": {
      "Id": "DocumentFormat.OpenXml",
      "Version": "2.5.0",
      "Dependencies": []
    },
    "DocX": {
      "Id": "DocX",
      "Version": "1.0.0.18",
      "Dependencies": []
    },
    "Extended.Wpf.Toolkit": {
      "Id": "Extended.Wpf.Toolkit",
      "Version": "2.8.0",
      "Dependencies": []
    },
    "Fluent.Ribbon": {
      "Id": "Fluent.Ribbon",
      "Version": "3.5.1.198",
      "Dependencies": []
    },
    "FSharp.Core": {
      "Id": "FSharp.Core",
      "Version": "4.0.0.1",
      "Dependencies": []
    },
    "Humanizer.Core": {
      "Id": "Humanizer.Core",
      "Version": "2.4.2",
      "Dependencies": []
    },
    "interop.domino.dll": {
      "Id": "interop.domino.dll",
      "Version": "1.0.0",
      "Dependencies": []
    },
    "IvanAkcheurov.NTextCat.Lib": {
      "Id": "IvanAkcheurov.NTextCat.Lib",
      "Version": "0.2.1.1",
      "Dependencies": []
    },
    "MathNet.Numerics": {
      "Id": "MathNet.Numerics",
      "Version": "4.5.1",
      "Dependencies": []
    },
    "Metrics.NET": {
      "Id": "Metrics.NET",
      "Version": "0.5.5",
      "Dependencies": []
    },
    "Microsoft.Exchange.WebServices": {
      "Id": "Microsoft.Exchange.WebServices",
      "Version": "2.2.0",
      "Dependencies": []
    },
    "Microsoft.Rest.ClientRuntime": {
      "Id": "Microsoft.Rest.ClientRuntime",
      "Version": "2.3.20",
      "Dependencies": [
        {
          "Item1": "Newtonsoft.Json",
          "Item2": "[10.0.3, )"
        }
      ]
    },
    "Microsoft.VisualStudio.OLE.Interop": {
      "Id": "Microsoft.VisualStudio.OLE.Interop",
      "Version": "7.10.6071",
      "Dependencies": []
    },
    "Microsoft.Xaml.Behaviors.Wpf": {
      "Id": "Microsoft.Xaml.Behaviors.Wpf",
      "Version": "1.0.1",
      "Dependencies": []
    },
    "Newtonsoft.Json": {
      "Id": "Newtonsoft.Json",
      "Version": "11.0.2",
      "Dependencies": []
    },
    "NPOI": {
      "Id": "NPOI",
      "Version": "2.4.1",
      "Dependencies": [
        {
          "Item1": "SharpZipLib",
          "Item2": "[1.0.0, )"
        }
      ]
    },
    "Numsense": {
      "Id": "Numsense",
      "Version": "0.12.0",
      "Dependencies": [
        {
          "Item1": "FSharp.Core",
          "Item2": "[4.0.0.1, )"
        }
      ]
    },
    "RestSharp": {
      "Id": "RestSharp",
      "Version": "106.3.1",
      "Dependencies": []
    },
    "SharpZipLib": {
      "Id": "SharpZipLib",
      "Version": "1.0.0",
      "Dependencies": []
    },
    "System.Collections.Immutable": {
      "Id": "System.Collections.Immutable",
      "Version": "1.5.0",
      "Dependencies": []
    },
    "System.Runtime.CompilerServices.Unsafe": {
      "Id": "System.Runtime.CompilerServices.Unsafe",
      "Version": "4.5.2",
      "Dependencies": []
    },
    "System.Runtime.InteropServices.RuntimeInformation": {
      "Id": "System.Runtime.InteropServices.RuntimeInformation",
      "Version": "4.3.0",
      "Dependencies": []
    },
    "System.Threading.Tasks.Extensions": {
      "Id": "System.Threading.Tasks.Extensions",
      "Version": "4.5.1",
      "Dependencies": [
        {
          "Item1": "System.Runtime.CompilerServices.Unsafe",
          "Item2": "[4.5.0, )"
        }
      ]
    },
    "System.ValueTuple": {
      "Id": "System.ValueTuple",
      "Version": "4.5.0",
      "Dependencies": []
    },
    "UiPath": {
      "Id": "UiPath",
      "Version": "9.0.6893.27943",
      "Dependencies": []
    },
    "UiPath.CefSharpBundle": {
      "Id": "UiPath.CefSharpBundle",
      "Version": "1.1.1",
      "Dependencies": []
    },
    "UiPath.Cognitive.Activities": {
      "Id": "UiPath.Cognitive.Activities",
      "Version": "2.2.4",
      "Dependencies": [
        {
          "Item1": "Newtonsoft.Json",
          "Item2": "[11.0.2, )"
        }
      ]
    },
    "UiPath.Credentials.Activities": {
      "Id": "UiPath.Credentials.Activities",
      "Version": "1.1.6479.13204",
      "Dependencies": [
        {
          "Item1": "CredentialManagement",
          "Item2": "[1.0.2, )"
        }
      ]
    },
    "UiPath.DocumentProcessing.Contracts": {
      "Id": "UiPath.DocumentProcessing.Contracts",
      "Version": "1.4.1",
      "Dependencies": [
        {
          "Item1": "Newtonsoft.Json",
          "Item2": "[11.0.2, )"
        }
      ]
    },
    "UiPath.Excel.Activities": {
      "Id": "UiPath.Excel.Activities",
      "Version": "2.7.2",
      "Dependencies": [
        {
          "Item1": "ClosedXML",
          "Item2": "[0.87.1, )"
        },
        {
          "Item1": "CsvHelper",
          "Item2": "[2.13.5, )"
        },
        {
          "Item1": "DocumentFormat.OpenXml",
          "Item2": "[2.5.0, )"
        },
        {
          "Item1": "Microsoft.VisualStudio.OLE.Interop",
          "Item2": "[7.10.6071, )"
        },
        {
          "Item1": "NPOI",
          "Item2": "[2.4.1, )"
        },
        {
          "Item1": "SharpZipLib",
          "Item2": "[1.0.0, )"
        }
      ]
    },
    "UiPath.Form.Activities": {
      "Id": "UiPath.Form.Activities",
      "Version": "1.0.1",
      "Dependencies": [
        {
          "Item1": "System.Runtime.CompilerServices.Unsafe",
          "Item2": "[4.5.2, )"
        },
        {
          "Item1": "UiPath.FormActivityLibrary",
          "Item2": "[1.0.2, )"
        },
        {
          "Item1": "Castle.Core",
          "Item2": "[4.3.1, )"
        },
        {
          "Item1": "System.Threading.Tasks.Extensions",
          "Item2": "[4.5.1, )"
        }
      ]
    },
    "UiPath.FormActivityLibrary": {
      "Id": "UiPath.FormActivityLibrary",
      "Version": "1.0.2",
      "Dependencies": [
        {
          "Item1": "Newtonsoft.Json",
          "Item2": "[11.0.2, )"
        },
        {
          "Item1": "UiPath.FormActivityLibrary.Contracts",
          "Item2": "[1.0.1, )"
        },
        {
          "Item1": "System.Runtime.CompilerServices.Unsafe",
          "Item2": "[4.5.2, )"
        },
        {
          "Item1": "System.ValueTuple",
          "Item2": "[4.5.0, )"
        },
        {
          "Item1": "UiPath.CefSharpBundle",
          "Item2": "[1.1.1, )"
        }
      ]
    },
    "UiPath.FormActivityLibrary.Contracts": {
      "Id": "UiPath.FormActivityLibrary.Contracts",
      "Version": "1.0.1",
      "Dependencies": []
    },
    "UiPath.IntelligentOCR.Activities": {
      "Id": "UiPath.IntelligentOCR.Activities",
      "Version": "4.0.1",
      "Dependencies": [
        {
          "Item1": "UiPath.OCR.Contracts",
          "Item2": "[2.2.1, )"
        },
        {
          "Item1": "UiPath.DocumentProcessing.Contracts",
          "Item2": "[1.4.1, )"
        },
        {
          "Item1": "UiPath.CefSharpBundle",
          "Item2": "[1.1.1, )"
        },
        {
          "Item1": "Microsoft.Xaml.Behaviors.Wpf",
          "Item2": "[1.0.1, )"
        },
        {
          "Item1": "Newtonsoft.Json",
          "Item2": "[11.0.2, )"
        },
        {
          "Item1": "System.Collections.Immutable",
          "Item2": "[1.5.0, )"
        },
        {
          "Item1": "System.ValueTuple",
          "Item2": "[4.5.0, )"
        },
        {
          "Item1": "Metrics.NET",
          "Item2": "[0.5.5, )"
        },
        {
          "Item1": "BitMiracle.Docotic.Pdf",
          "Item2": "[5.10.9957, )"
        },
        {
          "Item1": "IvanAkcheurov.NTextCat.Lib",
          "Item2": "[0.2.1.1, )"
        },
        {
          "Item1": "AForge.Imaging",
          "Item2": "[2.2.5, )"
        },
        {
          "Item1": "AForge.Neuro",
          "Item2": "[2.2.5, )"
        },
        {
          "Item1": "CsvHelper",
          "Item2": "[2.13.5, )"
        },
        {
          "Item1": "MathNet.Numerics",
          "Item2": "[4.5.1, )"
        },
        {
          "Item1": "Numsense",
          "Item2": "[0.12.0, )"
        },
        {
          "Item1": "System.Runtime.InteropServices.RuntimeInformation",
          "Item2": "[4.3.0, )"
        }
      ]
    },
    "UiPath.Mail.Activities": {
      "Id": "UiPath.Mail.Activities",
      "Version": "1.7.2",
      "Dependencies": [
        {
          "Item1": "System.ValueTuple",
          "Item2": "[4.5.0, )"
        },
        {
          "Item1": "Microsoft.Exchange.WebServices",
          "Item2": "[2.2.0, )"
        },
        {
          "Item1": "BouncyCastle",
          "Item2": "[1.8.5, )"
        },
        {
          "Item1": "interop.domino.dll",
          "Item2": "[1.0.0, )"
        }
      ]
    },
    "UiPath.OCR.Contracts": {
      "Id": "UiPath.OCR.Contracts",
      "Version": "2.2.1",
      "Dependencies": []
    },
    "UiPath.OmniPage.Activities": {
      "Id": "UiPath.OmniPage.Activities",
      "Version": "1.2.0",
      "Dependencies": [
        {
          "Item1": "UiPath.OCR.Contracts",
          "Item2": "[2.2.1, )"
        },
        {
          "Item1": "UiPath.OmniPage.Bundle",
          "Item2": "[1.0.2, )"
        },
        {
          "Item1": "Newtonsoft.Json",
          "Item2": "[11.0.2, )"
        }
      ]
    },
    "UiPath.OmniPage.Bundle": {
      "Id": "UiPath.OmniPage.Bundle",
      "Version": "1.0.2",
      "Dependencies": []
    },
    "UiPath.PDF.Activities": {
      "Id": "UiPath.PDF.Activities",
      "Version": "3.1.0",
      "Dependencies": [
        {
          "Item1": "UiPath.OCR.Contracts",
          "Item2": "[1.0.0, )"
        },
        {
          "Item1": "System.ValueTuple",
          "Item2": "[4.5.0, )"
        },
        {
          "Item1": "BitMiracle.Docotic.Pdf",
          "Item2": "[5.10.9957, )"
        }
      ]
    },
    "UiPath.Persistence.Activities": {
      "Id": "UiPath.Persistence.Activities",
      "Version": "1.0.1",
      "Dependencies": [
        {
          "Item1": "UiPath.FormActivityLibrary.Contracts",
          "Item2": "[1.0.0, )"
        },
        {
          "Item1": "Microsoft.Rest.ClientRuntime",
          "Item2": "[2.3.20, )"
        },
        {
          "Item1": "Newtonsoft.Json",
          "Item2": "[11.0.2, )"
        }
      ]
    },
    "UiPath.System.Activities": {
      "Id": "UiPath.System.Activities",
      "Version": "18.3.6897.22524",
      "Dependencies": [
        {
          "Item1": "CsvHelper",
          "Item2": "[2.13.5, )"
        },
        {
          "Item1": "Microsoft.Rest.ClientRuntime",
          "Item2": "[2.3.10, )"
        },
        {
          "Item1": "Newtonsoft.Json",
          "Item2": "[10.0.3, )"
        }
      ]
    },
    "UiPath.Terminal.Activities": {
      "Id": "UiPath.Terminal.Activities",
      "Version": "1.3.4",
      "Dependencies": [
        {
          "Item1": "Fluent.Ribbon",
          "Item2": "[3.5.1.198, )"
        }
      ]
    },
    "UiPath.UIAutomation.Activities": {
      "Id": "UiPath.UIAutomation.Activities",
      "Version": "18.3.6897.22543",
      "Dependencies": [
        {
          "Item1": "AvalonEdit",
          "Item2": "[5.0.3, )"
        },
        {
          "Item1": "Caliburn.Micro",
          "Item2": "[3.0.1, )"
        },
        {
          "Item1": "Extended.Wpf.Toolkit",
          "Item2": "[2.8.0, )"
        },
        {
          "Item1": "Humanizer.Core",
          "Item2": "[2.4.2, )"
        },
        {
          "Item1": "UiPath.Vision",
          "Item2": "[1.1.0, )"
        },
        {
          "Item1": "UiPath",
          "Item2": "[9.0.6893.27943, )"
        }
      ]
    },
    "UiPath.Vision": {
      "Id": "UiPath.Vision",
      "Version": "1.1.0",
      "Dependencies": []
    },
    "UiPath.WebAPI.Activities": {
      "Id": "UiPath.WebAPI.Activities",
      "Version": "1.4.4",
      "Dependencies": [
        {
          "Item1": "AvalonEdit",
          "Item2": "[5.0.3, )"
        },
        {
          "Item1": "Newtonsoft.Json",
          "Item2": "[11.0.2, )"
        },
        {
          "Item1": "RestSharp",
          "Item2": "[106.3.1, )"
        }
      ]
    },
    "UiPath.Word.Activities": {
      "Id": "UiPath.Word.Activities",
      "Version": "1.3.4",
      "Dependencies": [
        {
          "Item1": "DocX",
          "Item2": "[1.0.0.18, )"
        }
      ]
    }
  }
}