{"ProjectBreakpoints":"{\"Value\":{\"Main.xaml\":[{\"ConditionalExpression\":null,\"ActionExpression\":null,\"ExpectedHitCounter\":null,\"ShouldContinueAfterAction\":false,\"IsEnabled\":false,\"ActivityIdRef\":\"Sequence_31\",\"ActivityId\":\"1.94\",\"ActivityName\":\"Sequence\"},{\"ConditionalExpression\":null,\"ActionExpression\":null,\"ExpectedHitCounter\":null,\"ShouldContinueAfterAction\":false,\"IsEnabled\":false,\"ActivityIdRef\":\"InvokeWorkflowFile_20\",\"ActivityId\":\"1.147\",\"ActivityName\":\"Invoke GetTransactionData workflow\"}],\"Framework/GetTransactionData.xaml\":[{\"ConditionalExpression\":null,\"ActionExpression\":null,\"ExpectedHitCounter\":null,\"ShouldContinueAfterAction\":false,\"IsEnabled\":false,\"ActivityIdRef\":\"Assign_8\",\"ActivityId\":\"1.27\",\"ActivityName\":\"Assign\"}],\"Acme system/UpdateWorkItem.xaml\":[{\"ConditionalExpression\":null,\"ActionExpression\":null,\"ExpectedHitCounter\":null,\"ShouldContinueAfterAction\":false,\"IsEnabled\":false,\"ActivityIdRef\":\"Click_1\",\"ActivityId\":\"1.22\",\"ActivityName\":\"Click 'BUTTON'\"}]}}","ProjectWatches":"{\"Value\":[]}","OpenedDocuments":"[\"Process.xaml\",\"Main.xaml\"]"}